sentence,label,score
Indicate by check mark whether the Registrant has submitted electronically every Interactive Data File required to be submitted pursuant to Rule 405 of Regulation S-T (§232.405 of this chapter) during the preceding 12 months (or for such shorter period that the Registrant was required to submit such files).,Threat,1.0
"Indicate by check mark whether the Registrant is a large accelerated filer, an accelerated filer, a non-accelerated filer, a smaller reporting company, or an emerging growth company.",Strength,1.0
"See the definitions of “large accelerated filer,” “accelerated filer,” “smaller reporting company,” and “emerging growth company” in Rule 12b-2 of the Exchange Act.",Strength,1.0
"If an emerging growth company, indicate by check mark if the Registrant has elected not to use the extended transition period for complying with any new or revised financial accounting standards provided pursuant to Section 13(a) of the Exchange Act.",Strength,1.0
Quantitative and Qualitative Disclosures About Market Risk,Weakness,1.0
"This Annual Report on Form 10-K (“Form 10-K”) contains forward-looking statements, within the meaning of the Private Securities Litigation Reform Act of 1995, that involve risks and uncertainties.",Weakness,1.0
"For example, statements in this Form 10-K regarding the potential future impact of macroeconomic conditions on the Company’s business and results of operations are forward-looking statements.",Opportunity,1.0
"Factors that might cause such differences include, but are not limited to, those discussed in Part I, Item 1A of this Form 10-K under the heading “Risk Factors.” The Company assumes no obligation to revise or update any forward-looking statements for any reason, except as required by law.",Weakness,1.0
"The offerings provide priority access to Apple technical support, access to the global Apple authorized service network for repair and replacement services, and in many cases additional coverage for instances of accidental damage or theft and loss, depending on the country and type of product.",Weakness,1.0
"The markets for the Company’s products and services are highly competitive, and are characterized by aggressive price competition and resulting downward pressure on gross margins, frequent introduction of new products and services, short product life cycles, evolving industry standards, continual improvement in product price and performance characteristics, rapid adoption of technological advancements by competitors, and price sensitivity on the part of consumers and businesses.",Threat,1.0
"Many of the Company’s competitors seek to compete primarily through aggressive pricing and very low cost structures, and by imitating the Company’s products and infringing on its intellectual property.",Weakness,1.0
"Principal competitive factors important to the Company include price, product and service features (including security features), relative price and performance, product and service quality and reliability, design innovation, a strong third-party software and accessories ecosystem, marketing and distribution capability, service and support, and corporate reputation.",Strength,1.0
"The Company is focused on expanding its market opportunities related to smartphones, personal computers, tablets, wearables and accessories, and services.",Opportunity,1.0
"The Company faces substantial competition in these markets from companies that have significant technical, marketing, distribution and other resources, as well as established hardware, software, and service offerings with large customer bases.",Threat,1.0
Competition has been particularly intense as competitors have aggressively cut prices and lowered product margins.,Threat,1.0
"Certain competitors have the resources, experience or cost structures to provide products at little or no profit or even at a loss.",Weakness,1.0
"The Company faces significant competition as competitors imitate the Company’s product features and applications within their products, or collaborate to offer integrated solutions that are more competitive than those they currently offer.",Threat,1.0
"The Company continues to develop new technologies to enhance existing products and services, and to expand the range of its offerings through research and development (“R&D”), licensing of intellectual property and acquisition of third-party businesses and technology.",Opportunity,1.0
"Additionally, new product and service introductions can significantly impact net sales, cost of sales and operating expenses.",Weakness,1.0
"The timing of product introductions can also impact the Company’s net sales to its indirect distribution channels as these channels are filled with new inventory following a product launch, and channel inventory of an older product often declines as the launch of a newer product approaches.",Weakness,1.0
The Company is an equal opportunity employer committed to inclusion and diversity and to providing a workplace free of harassment or discrimination.,Opportunity,1.0
"In support of this, the Company offers a wide variety of benefits for employees around the world and invests in tools and resources that are designed to support employees’ individual growth and development.",Strength,1.0
"The Company continues to work to increase diverse representation at every level, foster an inclusive culture, and support equitable pay and access to opportunity for all employees.",Opportunity,1.0
The Company identifies potential workplace risks in order to develop measures to mitigate possible hazards.,Weakness,1.0
"The Company supports employees with general safety, security and crisis management training, and by putting specific programs in place for those working in potentially high-hazard environments.",Opportunity,1.0
"When any one or more of these risks materialize from time to time, the Company’s business, reputation, results of operations, financial condition and stock price can be materially and adversely affected.",Weakness,1.0
This discussion of risk factors contains forward-looking statements.,Weakness,1.0
Macroeconomic and Industry Risks,Weakness,1.0
"Adverse macroeconomic conditions, including slow growth or recession, high unemployment, inflation, tighter credit, higher interest rates, and currency fluctuations, can adversely impact consumer confidence and spending and materially adversely affect demand for the Company’s products and services.",Strength,1.0
"In addition, consumer confidence and spending can be materially adversely affected in response to changes in fiscal and monetary policy, financial market volatility, declines in income or asset values, and other economic factors.",Weakness,1.0
"In addition to an adverse impact on demand for the Company’s products and services, uncertainty about, or a decline in, global or regional economic conditions can have a significant impact on the Company’s suppliers, contract manufacturers, logistics providers, distributors, cellular network carriers and other channel partners, and developers.",Weakness,1.0
Potential outcomes include financial instability; inability to obtain credit to finance business operations; and insolvency.,Opportunity,1.0
Adverse economic conditions can also lead to increased credit and collectibility risk on the Company’s trade receivables; the failure of derivative counterparties and other financial institutions; limitations on the Company’s ability to issue new debt; reduced liquidity; and declines in the fair values of the Company’s financial instruments.,Weakness,1.0
"representing a majority of the Company’s total net sales, and the Company believes that it generally benefits from growth in international trade.",Strength,1.0
"Political uncertainty surrounding trade and other international disputes could also have a negative effect on consumer confidence and spending, which could adversely affect the Company’s business.",Threat,1.0
"In addition, such operations and facilities are subject to the risk of interruption by fire, power shortages, nuclear power plant accidents and other industrial accidents, terrorist attacks and other hostile acts, ransomware and other cybersecurity attacks, labor disputes, public health issues, including pandemics such as the COVID-19 pandemic, and other events beyond the Company’s control.",Weakness,1.0
The Company’s operations are also subject to the risks of industrial accidents at its suppliers and contract manufacturers.,Weakness,1.0
"While the Company’s suppliers are required to maintain safe working environments and operations, an industrial accident could occur and could result in serious injuries or loss of life, disruption to the Company’s business, and harm to the Company’s reputation.",Weakness,1.0
"While the Company maintains insurance coverage for certain types of losses, such insurance coverage may be insufficient to cover all losses that may arise.",Weakness,1.0
"The Company’s products and services are offered in highly competitive global markets characterized by aggressive price competition and resulting downward pressure on gross margins, frequent introduction of new products and services, short product life cycles, evolving industry standards, continual improvement in product price and performance characteristics, rapid adoption of technological advancements by competitors, and price sensitivity on the part of consumers and businesses.",Threat,1.0
"In contrast, many of the Company’s competitors seek to compete primarily through aggressive pricing and very low cost structures, and by imitating the Company’s products and infringing on its intellectual property.",Weakness,1.0
"If the Company is unable to continue to develop and sell innovative new products with attractive margins or if competitors infringe on the Company’s intellectual property, the Company’s ability to maintain a competitive advantage could be materially adversely affected.",Strength,1.0
"The Company faces substantial competition in these markets from companies that have significant technical, marketing, distribution and other resources, as well as established hardware, software and digital content supplier relationships.",Threat,1.0
Competition has been particularly intense as competitors have aggressively cut prices and lowered product margins.,Threat,1.0
"Certain competitors have the resources, experience or cost structures to provide products at little or no profit or even at a loss.",Weakness,1.0
Some of the markets in which the Company competes have from time to time experienced little to no growth or contracted overall.,Strength,1.0
"Additionally, the Company faces significant competition as competitors imitate the Company’s product features and applications within their products or collaborate to offer solutions that are more competitive than those they currently offer.",Threat,1.0
The Company also expects competition to intensify as competitors imitate the Company’s approach to providing components seamlessly within their offerings or work collaboratively to offer integrated solutions.,Threat,1.0
"The Company’s services also face substantial competition, including from companies that have significant resources and experience and have established service offerings with large customer bases.",Threat,1.0
"The Company’s business, results of operations and financial condition depend substantially on the Company’s ability to continually improve its products and services to maintain their functional and design advantages.",Strength,1.0
Changes or additions to the Company’s supply chain require considerable time and resources and involve significant risks and uncertainties.,Weakness,1.0
"While these arrangements can lower operating costs, they also reduce the Company’s direct control over production and distribution.",Weakness,1.0
Any failure of these partners to perform can have a negative impact on the Company’s cost or supply of components or finished goods.,Weakness,1.0
"Because the Company currently obtains certain components from single or limited sources, the Company is subject to significant supply and pricing risks.",Weakness,1.0
"Therefore, the Company remains subject to significant risks of supply shortages and price increases that can materially adversely affect its business, results of operations and financial condition.",Weakness,1.0
Component defects could make the Company’s products unsafe and create a risk of environmental or property damage and personal injury.,Weakness,1.0
"These risks may increase as the Company’s products are introduced into specialized applications, including health.",Weakness,1.0
"In addition, the Company can be exposed to product liability claims, recalls, product replacements or modifications, write-offs of inventory, property, plant and equipment or intangible assets, and significant warranty and other expenses, including litigation costs and regulatory fines.",Weakness,1.0
"Quality problems can also adversely affect the experience for users of the Company’s products and services, and result in harm to the Company’s reputation, loss of competitive advantage, poor market acceptance, reduced demand for products and services, delay in new product and service introductions and lost sales.",Strength,1.0
"The Company is exposed to the risk of write-downs on the value of its inventory and other assets, in addition to purchase commitment cancellation risk.",Weakness,1.0
"The Company records a write-down for product and component inventories that have become obsolete or exceed anticipated demand, or for which cost exceeds net realizable value.",Weakness,1.0
"Because the Company’s markets are volatile, competitive and subject to rapid technology and price changes, there is a risk the Company will forecast incorrectly and order or produce excess or insufficient amounts of components or products, or not fully utilize firm purchase commitments.",Weakness,1.0
"This analysis may be based on factors such as the market position of the Company and its products, the anticipated revenue that may be generated, expected future growth of product sales, and the costs of developing such applications and services.",Strength,1.0
"The Company’s products and operating systems are subject to rapid technological change, and when third-party developers are unable to or choose not to keep up with this pace of change, their applications can fail to take advantage of these changes to deliver improved customer experiences, can operate incorrectly, and can result in dissatisfied customers and lower customer demand for the Company’s products.",Strength,1.0
"From time to time, the Company has made changes to its App Store, including actions taken in response to competition, market conditions and legal and regulatory requirements.",Threat,1.0
"This could reduce the volume of sales, and the commission that the Company earns on those sales, would decrease.",Weakness,1.0
"Other content owners, providers or distributors may seek to limit the Company’s access to, or increase the cost of, such content.",Weakness,1.0
"The Company also produces its own digital content, which can be costly to produce due to intense and increasing competition for talent, content and subscribers, and may fail to appeal to the Company’s customers.",Weakness,1.0
There can be no assurance the Company will be able to develop or license such solutions at a reasonable cost and in a timely manner.,Weakness,1.0
"Experienced personnel in the technology industry are in high demand and competition for their talents is intense, especially in Silicon Valley, where most of the Company’s key personnel are located.",Threat,1.0
"In addition to intense competition for talent, workforce dynamics are constantly evolving.",Threat,1.0
"The financial condition of these resellers could weaken, these resellers could stop distributing the Company’s products, or uncertainty regarding demand for some or all of the Company’s products could cause resellers to reduce their ordering and marketing of the Company’s products.",Weakness,1.0
"Losses or unauthorized access to or releases of confidential information, including personal information, could subject the Company to significant reputational, financial, legal and operational consequences.",Weakness,1.0
"But these measures cannot provide absolute security, and losses or unauthorized access to or releases of confidential information occur and could materially adversely affect the Company’s business, reputation, results of operations and financial condition.",Weakness,1.0
"Although the Company takes steps to secure confidential information that is provided to or accessible by third parties working on the Company’s behalf, such measures are not always effective and losses or unauthorized access to, or releases of, confidential information occur.",Weakness,1.0
"Although malicious attacks perpetrated to gain access to confidential information, including personal information, affect many companies across various industries, the Company is at a relatively greater risk of being targeted because of its high profile and the value of the confidential information it creates, owns, manages, stores and processes.",Weakness,1.0
"The Company has implemented systems and processes intended to secure its information technology systems and prevent unauthorized access to or loss of sensitive data, and mitigate the impact of unauthorized access, including through the use of encryption and authentication technologies.",Weakness,1.0
"As with all companies, these security measures may not be sufficient for all eventualities and may be vulnerable to hacking, ransomware attacks, employee error, malfeasance, system error, faulty password management or other irregularities.",Weakness,1.0
"To help protect customers and the Company, the Company deploys and makes available technologies like multifactor authentication, monitors its services and systems for unusual activity and may freeze accounts under suspicious circumstances, which, among other things, can result in the delay or loss of customer orders or impede customer access to the Company’s products and services.",Weakness,1.0
"While the Company maintains insurance coverage that is intended to address certain aspects of data security risks, such insurance coverage may be insufficient to cover all losses or all types of claims that may arise.",Weakness,1.0
"Investment in new business strategies and acquisitions could disrupt the Company’s ongoing business, present risks not originally contemplated and materially adversely affect the Company’s business, reputation, results of operations and financial condition.",Weakness,1.0
"Such endeavors may involve significant risks and uncertainties, including distraction of management from current operations, greater-than-expected liabilities and expenses, economic, political, legal and regulatory challenges associated with operating in new businesses, regions or countries, inadequate return on capital, potential impairment of tangible and intangible assets, and significant write-offs.",Weakness,1.0
"Investment and acquisition transactions are exposed to additional risks, including failing to obtain required regulatory approvals on a timely basis or at all, or the imposition of onerous conditions that could delay or prevent the Company from completing a transaction or otherwise limit the Company’s ability to fully realize the anticipated benefits of a transaction.",Weakness,1.0
These new ventures are inherently risky and may not be successful.,Weakness,1.0
The Company’s retail stores are subject to numerous risks and uncertainties.,Weakness,1.0
"The Company’s retail operations are subject to many factors that pose risks and uncertainties and could adversely impact the Company’s business, results of operations and financial condition, including macroeconomic factors that could have an adverse effect on general retail activity.",Weakness,1.0
Other factors include the Company’s ability to: manage costs associated with retail store construction and operation; manage relationships with existing retail partners; manage costs associated with fluctuations in the value of retail inventory; and obtain and renew leases in quality retail locations at a reasonable cost.,Weakness,1.0
Legal and Regulatory Compliance Risks,Weakness,1.0
"In addition, agreements entered into by the Company sometimes include indemnification provisions which can subject the Company to costs and damages in the event of a claim against an indemnified third party.",Weakness,1.0
These agreements can also significantly increase the Company’s cost of sales and operating expenses and require the Company to change its business practices and limit the Company’s ability to offer certain products and services.,Weakness,1.0
The outcome of litigation or government investigations is inherently uncertain.,Threat,1.0
"While the Company maintains insurance coverage for certain types of claims, such insurance coverage may be insufficient to cover all losses or all types of claims that may arise.",Weakness,1.0
"The Company is subject to complex and changing laws and regulations worldwide, which exposes the Company to potential liabilities, increased costs and other adverse effects on the Company’s business.",Weakness,1.0
Compliance with these laws and regulations is onerous and expensive.,Threat,1.0
"New and changing laws and regulations can adversely affect the Company’s business by increasing the Company’s costs, limiting the Company’s ability to offer a product, service or feature to customers, imposing changes to the design of the Company’s products and services, impacting customer demand for the Company’s products and services, and requiring changes to the Company’s supply chain and its business.",Weakness,1.0
New and changing laws and regulations can also create uncertainty about how such laws and regulations will be interpreted and applied.,Threat,1.0
"These risks and costs may increase as the Company’s products and services are introduced into specialized applications, including health and financial services.",Weakness,1.0
"The Company has implemented policies and procedures designed to ensure compliance with applicable laws and regulations, but there can be no assurance the Company’s employees, contractors or agents will not violate such laws and regulations or the Company’s policies and procedures.",Threat,1.0
"If the Company is found to have violated laws and regulations, it could materially adversely affect the Company’s business, reputation, results of operations and financial condition.",Threat,1.0
"For example, the Company is subject to changing regulations relating to the export and import of its products.",Threat,1.0
"Expectations relating to environmental, social and governance considerations and related reporting obligations expose the Company to potential liabilities, increased costs, reputational harm, and other adverse effects on the Company’s business.",Weakness,1.0
"Responding to these environmental, social and governance considerations and implementation of these goals and initiatives involves risks and uncertainties, requires investments, and depends in part on third-party performance or data that is outside the Company’s control.",Weakness,1.0
"Any failure, or perceived failure, by the Company to achieve its goals, further its initiatives, adhere to its public statements, comply with federal, state or international environmental, social and governance laws and regulations, or meet evolving and varied stakeholder expectations and standards could result in legal and regulatory proceedings against the Company and materially adversely affect the Company’s business, reputation, results of operations, financial condition and stock price.",Threat,1.0
"The technology industry, including, in some instances, the Company, is subject to intense media, political and regulatory scrutiny, which exposes the Company to increasing regulation, government investigations, legal actions and penalties.",Threat,1.0
"From time to time, the Company has made changes to its App Store, including actions taken in response to litigation, competition, market conditions and legal and regulatory requirements.",Threat,1.0
"There can be no assurance the Company’s business will not be materially adversely affected, individually or in the aggregate, by the outcomes of such investigations, litigation or changes to laws and regulations in the future.",Threat,1.0
"Changes to the Company’s business practices to comply with new laws and regulations or in connection with other legal proceedings could negatively impact the reputation of the Company’s products for privacy and security and otherwise adversely affect the experience for users of the Company’s products and services, and result in harm to the Company’s reputation, loss of competitive advantage, poor market acceptance, reduced demand for products and services, and lost sales.",Strength,1.0
Complying with emerging and changing requirements causes the Company to incur substantial costs and has required and may in the future require the Company to change its business practices.,Weakness,1.0
"Any failure by the Company to comply with these public statements or with other federal, state or international privacy or data protection laws and regulations could result in inquiries or proceedings against the Company by governmental entities or others.",Threat,1.0
"In addition to the risks generally relating to the collection, use, retention, security and transfer of personal information, the Company is also subject to specific obligations relating to information considered sensitive under applicable laws, such as health data, financial data and biometric data.",Weakness,1.0
"Under payment card rules and obligations, if cardholder information is potentially compromised, the Company can be liable for associated investigatory expenses and can also incur significant fees or fines if the Company fails to follow payment card industry data security standards.",Opportunity,1.0
"The Company could also experience a significant increase in payment card transaction costs or lose the ability to process payment cards if it fails to follow payment card industry data security standards, which could materially adversely affect the Company’s business, reputation, results of operations and financial condition.",Strength,1.0
"Additionally, new product and service introductions can significantly impact net sales, cost of sales and operating expenses.",Weakness,1.0
"Further, the Company generates a significant portion of its net sales from a single product and a decline in demand for that product could significantly impact quarterly net sales.",Weakness,1.0
The Company’s financial performance is subject to risks associated with changes in the value of the U.S.,Weakness,1.0
"dollar–denominated sales, cost of sales and operating expenses worldwide.",Weakness,1.0
The weakening of foreign currencies relative to the U.S.,Weakness,1.0
"dollar value of the Company’s foreign currency–denominated sales and earnings, and generally leads the Company to raise international pricing, potentially reducing demand for the Company’s products.",Opportunity,1.0
"dollar’s strengthening, which would adversely affect the U.S.",Strength,1.0
"Conversely, a strengthening of foreign currencies relative to the U.S.",Strength,1.0
"dollar, while generally beneficial to the Company’s foreign currency–denominated sales and earnings, could cause the Company to reduce international pricing or incur losses on its foreign currency derivative instruments, thereby limiting the benefit.",Weakness,1.0
"Additionally, strengthening of foreign currencies may increase the Company’s cost of product components denominated in those currencies, thus adversely affecting gross margins.",Strength,1.0
The Company is exposed to credit risk and fluctuations in the values of its investment portfolio.,Weakness,1.0
"The Company’s investments can be negatively affected by changes in liquidity, credit deterioration, financial results, market and economic conditions, political risk, sovereign risk, interest rate fluctuations or other factors.",Weakness,1.0
"Therefore, although the Company has not realized any significant losses on its cash, cash equivalents and marketable securities, future fluctuations in their value could result in significant losses and could have a material adverse impact on the Company’s results of operations and financial condition.",Weakness,1.0
"The Company is exposed to credit risk on its trade accounts receivable, vendor non-trade receivables and prepayments related to long-term supply agreements, and this risk is heightened during periods when economic conditions worsen.",Weakness,1.0
The Company’s exposure to credit and collectibility risk on its trade receivables is higher in certain international markets and its ability to mitigate such risks may be limited.,Weakness,1.0
"While the Company has procedures to monitor and limit exposure to credit risk on its trade and vendor non-trade receivables, as well as long-term prepayments, there can be no assurance such procedures will effectively limit its credit risk and avoid losses.",Weakness,1.0
"The application of tax laws may be uncertain, require significant judgment and be subject to differing interpretations.",Threat,1.0
The Company believes the price of its stock should reflect expectations of future growth and profitability.,Strength,1.0
"If the Company fails to meet expectations related to future growth, profitability, dividends, share repurchases or other market expectations, the price of the Company’s stock may decline significantly, which could have a material adverse impact on investor confidence and employee retention.",Strength,1.0
(“Epic”) filed a lawsuit in the U.S.,Threat,1.0
District Court for the Northern District of California (the “District Court”) against the Company alleging violations of federal and state antitrust laws and California’s unfair competition law based upon the Company’s operation of its App Store.,Threat,1.0
The District Court found that certain provisions of the Company’s App Store Review Guidelines violate California’s unfair competition law and issued an injunction enjoining the Company from prohibiting developers from including in their apps external links that direct customers to purchasing mechanisms other than Apple in-app purchasing.,Threat,1.0
The outcome of litigation is inherently uncertain.,Threat,1.0
The Company’s total net sales decreased 3% or $11.0 billion during 2023 compared to 2022.,Weakness,1.0
The weakness in foreign currencies relative to the U.S.,Weakness,1.0
"dollar accounted for more than the entire year-over-year decrease in total net sales, which consisted primarily of lower net sales of Mac and iPhone, partially offset by higher net sales of Services.",Weakness,1.0
"Americas net sales decreased 4% or $7.1 billion during 2023 compared to 2022 due to lower net sales of iPhone and Mac, partially offset by higher net sales of Services.",Weakness,1.0
Europe net sales decreased 1% or $824 million during 2023 compared to 2022.,Weakness,1.0
The weakness in foreign currencies relative to the U.S.,Weakness,1.0
"dollar accounted for more than the entire year-over-year decrease in Europe net sales, which consisted primarily of lower net sales of Mac and Wearables, Home and Accessories, partially offset by higher net sales of iPhone and Services.",Weakness,1.0
Greater China net sales decreased 2% or $1.6 billion during 2023 compared to 2022.,Weakness,1.0
The weakness in the renminbi relative to the U.S.,Weakness,1.0
"dollar accounted for more than the entire year-over-year decrease in Greater China net sales, which consisted primarily of lower net sales of Mac and iPhone.",Weakness,1.0
Japan net sales decreased 7% or $1.7 billion during 2023 compared to 2022.,Weakness,1.0
The weakness in the yen relative to the U.S.,Weakness,1.0
"dollar accounted for more than the entire year-over-year decrease in Japan net sales, which consisted primarily of lower net sales of iPhone, Wearables, Home and Accessories and Mac.",Weakness,1.0
The weakness in foreign currencies relative to the U.S.,Weakness,1.0
"iPhone net sales decreased 2% or $4.9 billion during 2023 compared to 2022 due to lower net sales of non-Pro iPhone models, partially offset by higher net sales of Pro iPhone models.",Weakness,1.0
Mac net sales decreased 27% or $10.8 billion during 2023 compared to 2022 due primarily to lower net sales of laptops.,Weakness,1.0
"iPad net sales decreased 3% or $1.0 billion during 2023 compared to 2022 due primarily to lower net sales of iPad mini and iPad Air, partially offset by the combined net sales of iPad 9th and 10th generation.",Weakness,1.0
"Wearables, Home and Accessories net sales decreased 3% or $1.4 billion during 2023 compared to 2022 due primarily to lower net sales of Wearables and Accessories.",Weakness,1.0
Products gross margin decreased during 2023 compared to 2022 due to the weakness in foreign currencies relative to the U.S.,Weakness,1.0
"dollar and lower Products volume, partially offset by cost savings and a different Products mix.",Weakness,1.0
"Products gross margin percentage increased during 2023 compared to 2022 due to cost savings and a different Products mix, partially offset by the weakness in foreign currencies relative to the U.S.",Weakness,1.0
dollar and decreased leverage.,Weakness,1.0
"Services gross margin increased during 2023 compared to 2022 due primarily to higher Services net sales, partially offset by the weakness in foreign currencies relative to the U.S.",Weakness,1.0
dollar and higher Services costs.,Weakness,1.0
Services gross margin percentage decreased during 2023 compared to 2022 due to higher Services costs and the weakness in foreign currencies relative to the U.S.,Weakness,1.0
"The Company’s future gross margins can be impacted by a variety of factors, as discussed in Part I, Item 1A of this Form 10-K under the heading “Risk Factors.” As a result, the Company believes, in general, gross margins will be subject to volatility and downward pressure.",Weakness,1.0
The year-over-year growth in R&D expense in 2023 was driven primarily by increases in headcount-related expenses.,Strength,1.0
foreign tax credit regulations issued by the U.S.,Threat,1.0
"The evaluation of the Company’s uncertain tax positions involves significant judgment in the interpretation and application of GAAP and complex domestic and international tax laws, including the Act and matters related to the allocation of international taxation rights between countries.",Threat,1.0
"Although management believes the Company’s reserves are reasonable, no assurance can be given that the final outcome of these uncertainties will not be different from that which is reflected in the Company’s reserves.",Threat,1.0
Resolution of these uncertainties in a manner inconsistent with management’s expectations could have a material impact on the Company’s financial condition and operating results.,Threat,1.0
"The Company is subject to various legal proceedings and claims that arise in the ordinary course of business, the outcomes of which are inherently uncertain.",Threat,1.0
"The Company records a liability when it is probable that a loss has been incurred and the amount is reasonably estimable, the determination of which requires significant judgment.",Weakness,1.0
Quantitative and Qualitative Disclosures About Market Risk,Weakness,1.0
The Company is exposed to economic risk from interest rates and foreign exchange rates.,Weakness,1.0
"The Company uses various strategies to manage these risks; however, they may still impact the Company’s consolidated financial statements.",Weakness,1.0
"To protect against interest rate risk, the Company may use derivative instruments, offset interest rate–sensitive assets and liabilities, or control duration of the investment and term debt portfolios.",Weakness,1.0
"The following table sets forth potential impacts on the Company’s investment portfolio and term debt, including the effects of any associated derivatives, that would result from a hypothetical increase in relevant interest rates as of September 30, 2023 and September 24, 2022 (dollars in millions):",Strength,1.0
Increase in annual interest expense,Strength,1.0
The Company’s exposure to foreign exchange rate risk relates primarily to the Company being a net receiver of currencies other than the U.S.,Weakness,1.0
"Changes in exchange rates, and in particular a strengthening of the U.S.",Strength,1.0
"To protect against foreign exchange rate risk, the Company may use derivative instruments, offset exposures, or adjust local currency pricing of its products and services.",Weakness,1.0
"However, the Company may choose to not hedge certain foreign currency exposures for a variety of reasons, including accounting considerations or prohibitive cost.",Weakness,1.0
The Company applied a value-at-risk (“VAR”) model to its foreign currency derivative positions to assess the potential impact of fluctuations in exchange rates.,Weakness,1.0
"The VAR is the maximum expected loss in fair value, for a given confidence interval, to the Company’s foreign currency derivative positions due to adverse movements in rates.",Weakness,1.0
"Based on the results of the model, the Company estimates, with 95% confidence, a maximum one-day loss in fair value of $669 million and $1.0 billion as of September 30, 2023 and September 24, 2022, respectively.",Weakness,1.0
Other comprehensive income/(loss):,Weakness,1.0
"Change in unrealized gains/losses on derivative instruments, net of tax:",Weakness,1.0
Adjustment for net (gains)/losses realized and included in net income,Weakness,1.0
Total change in unrealized gains/losses on derivative instruments,Weakness,1.0
"Change in unrealized gains/losses on marketable debt securities, net of tax:",Weakness,1.0
Adjustment for net (gains)/losses realized and included in net income,Weakness,1.0
Total change in unrealized gains/losses on marketable debt securities,Weakness,1.0
Total other comprehensive income/(loss),Weakness,1.0
Accumulated other comprehensive loss,Weakness,1.0
Accumulated other comprehensive income/(loss):,Weakness,1.0
Other comprehensive income/(loss),Weakness,1.0
"Increase/(Decrease) in cash, cash equivalents and restricted cash",Weakness,1.0
The cost of securities sold is determined using the specific identification method.,Weakness,1.0
Control is generally transferred when the Company has a present right to payment and title and the significant risks and rewards of ownership of products or services are transferred to its customers.,Weakness,1.0
"The Company’s process for estimating SSPs without observable prices considers multiple factors that may vary depending upon the unique facts and circumstances related to each performance obligation including, where applicable, prices charged by the Company for similar offerings, market trends in the pricing for similar offerings, product-specific business objectives and the estimated cost to provide the performance obligation.",Weakness,1.0
"The Company considers multiple factors when determining whether it obtains control of third-party products, including evaluating if it can establish the price of the product, retains inventory risk for tangible products or has the responsibility for ensuring acceptability of the product.",Weakness,1.0
The Company may use derivative instruments to partially offset its business exposure to foreign exchange and interest rate risk.,Weakness,1.0
"However, the Company may choose not to hedge certain exposures for a variety of reasons including accounting considerations or the prohibitive economic cost of hedging particular exposures.",Weakness,1.0
"The Company may also use derivative instruments that are not designated as accounting hedges to protect gross margins from certain fluctuations in foreign exchange rates, as well as to offset a portion of the foreign currency gains and losses generated by the remeasurement of certain assets and liabilities denominated in non-functional currencies.",Weakness,1.0
"To mitigate credit risk, the Company generally uses collateral security arrangements that provide for collateral to be received or posted when the net fair values of certain derivatives fluctuate from contractually established thresholds.",Weakness,1.0
"To further limit credit risk, the Company generally uses master netting arrangements with the respective counterparties to the Company’s derivative contracts, under which the Company is allowed to settle transactions with a single net amount payable by one party to the other.",Weakness,1.0
"As of September 24, 2022, the potential effects of these rights of set-off associated with the Company’s derivative contracts, including the effects of collateral, would be a reduction to both derivative assets and derivative liabilities of $7.8 billion, resulting in a net derivative asset of $412 million.",Opportunity,1.0
The Company requires third-party credit support or collateral from certain customers to limit credit risk.,Weakness,1.0
"Rather, the Company recognizes any gain on these sales as a reduction of products cost of sales when the related final products are sold by the Company.",Weakness,1.0
Decreases related to tax positions taken during a prior year,Weakness,1.0
Decreases related to settlements with taxing authorities,Weakness,1.0
Decreases related to expiration of the statute of limitations,Weakness,1.0
"Although the timing of resolution or closure of examinations is not certain, the Company believes it is reasonably possible that its gross unrecognized tax benefits could decrease in the next 12 months by as much as $4.5 billion.",Weakness,1.0
foreign tax credit for a portion of any incremental Irish corporate income taxes potentially due related to the State Aid Decision.,Opportunity,1.0
"Lease costs associated with fixed payments on the Company’s operating leases were $2.0 billion, $1.9 billion and $1.7 billion for 2023, 2022 and 2021, respectively.",Weakness,1.0
"Lease costs associated with variable payments on the Company’s leases were $13.9 billion, $14.9 billion and $12.9 billion for 2023, 2022 and 2021, respectively.",Weakness,1.0
"Unamortized premium/(discount) and issuance costs, net",Weakness,1.0
To manage interest rate risk on certain of its U.S.,Weakness,1.0
"Additionally, to manage foreign exchange rate risk on certain of its foreign currency–denominated notes, the Company uses cross-currency swaps to effectively convert these notes to U.S.",Weakness,1.0
"As of September 30, 2023, the total unrecognized compensation cost related to outstanding RSUs was $18.6 billion, which the Company expects to recognize over a weighted-average period of 2.5 years.",Weakness,1.0
The outcome of litigation is inherently uncertain.,Threat,1.0
"In the opinion of management, there was not at least a reasonable possibility the Company may have incurred a material loss, or a material loss greater than a recorded accrual, concerning loss contingencies for asserted legal and other claims.",Weakness,1.0
"Operating income for each segment consists of net sales to third parties, related cost of sales, and operating expenses directly attributable to the segment.",Weakness,1.0
"(1)Includes corporate marketing expenses, certain share-based compensation expenses, various nonrecurring charges, and other separately managed general and administrative costs.",Weakness,1.0
federal securities laws and the applicable rules and regulations of the U.S.,Threat,1.0
"Our audits included performing procedures to assess the risks of material misstatement of the financial statements, whether due to error or fraud, and performing procedures that respond to those risks.",Weakness,1.0
"In accounting for some of the uncertain tax positions, Apple Inc.",Threat,1.0
"Auditing management’s evaluation of whether an uncertain tax position is more likely than not to be sustained and the measurement of the benefit of various tax positions can be complex, involves significant judgment, and is based on interpretations of tax laws and legal rulings.",Threat,1.0
"How We Addressed the Matter in Our Audit We tested controls relating to the evaluation of uncertain tax positions, including controls over management’s assessment as to whether tax positions are more likely than not to be sustained, management’s process to measure the benefit of its tax positions, and the development of the related disclosures.",Threat,1.0
"To evaluate Apple Inc.’s assessment of which tax positions are more likely than not to be sustained, our audit procedures included, among others, reading and evaluating management’s assumptions and analysis, and, as applicable, Apple Inc.’s communications with taxing authorities, that detailed the basis and technical merits of the uncertain tax positions.",Threat,1.0
federal securities laws and the applicable rules and regulations of the U.S.,Threat,1.0
"Our audit included obtaining an understanding of internal control over financial reporting, assessing the risk that a material weakness exists, testing and evaluating the design and operating effectiveness of internal control based on the assessed risk, and performing such other procedures as we considered necessary in the circumstances.",Weakness,1.0
"Also, projections of any evaluation of effectiveness to future periods are subject to the risk that controls may become inadequate because of changes in conditions, or that the degree of compliance with the policies or procedures may deteriorate.",Weakness,1.0
"Further, the design of a control system must reflect the fact that there are resource constraints, and the benefits of controls must be considered relative to their costs.",Weakness,1.0
"Also, any evaluation of the effectiveness of controls in future periods are subject to the risk that those internal controls may become inadequate because of changes in business conditions, or that the degree of compliance with the policies or procedures may deteriorate.",Weakness,1.0
(3)Exhibits required by Item 601 of Regulation S-K,Threat,1.0
(1)Certain instruments defining the rights of holders of long-term debt securities of the Registrant are omitted pursuant to Item 601(b)(4)(iii) of Regulation S-K.,Threat,1.0
